{
  "resourceType": "Composition",
  "id": "IGMenu",
  "text": {
    "status": "generated",
    "div": "<div xmlns=\"http://www.w3.org/1999/xhtml\"><p><b>Generated Narrative</b></p><p><b>status</b>: final</p><p><b>type</b>: <span title=\"Codes: \">ig-menu</span></p><p><b>date</b>: 2021-01-01</p><p><b>author</b>: <span></span></p><p><b>title</b>: Menu</p></div>"
  },
  "status": "final",
  "type": {
    "coding": [
      {
        "code": "ig-menu"
      }
    ]
  },
  "date": "2021-01-01",
  "author": [
    {
      "identifier": {
        "value": "IHE Belgium"
      }
    }
  ],
  "title": "Menu",
  "section": [
    {
      "title": "TopMenu1",
      "code": {
        "coding": [
          {
            "code": "artifacts"
          }
        ]
      },
      "entry": [
        {
          "reference": "page1.html",
          "display": "Page 1"
        },
        {
          "reference": "",
          "display": "Artifacts - by type"
        },
        {
          "reference": "",
          "display": "Artifacts - by project"
        },
        {
          "reference": "",
          "display": "Artifacts - all"
        }
      ]
    }
  ]
}